138	$`O(2^{0.49n})`$ 时间的子集和	对最坏情形子集和问题给出一致的随机化经典算法：在多项式位输入上以普通 $`O(2^{0.49n})`$ 字随机存取时间运行（<i>n</i> 计整数个数）。时间界在每次执行上成立，每个输入上成功概率至少 2/3。输入可含重复正整数；机器字有 $`O(n+b)`$ 位（<i>b</i> 为最大输入位长）。	0
139	对数凹采样的次多项式查询复杂度	对提供极小化子且 $`I\preceq\nabla^2V\preceq2I`$ 的 $`C^2`$ 势函数，证明在总变差 1/10 内采样只需 $`C_\varepsilon d^\varepsilon`$ 次精确值与梯度查询（每个固定 <i>ε</i> &gt; 0）。该界在每次运行上成立，查询之间的计算无限制。还存在对数下界，故此神谕模型中最优幂律指数为零。	1
140	无噪声高斯回归的内存–样本下界	对固定 <i>A</i> &gt; 0，持留 $`Ad^2`$ 位的一遍学习器为以角误差 $`0\lt \epsilon\le1/10`$、概率 2/3 恢复单位向量，需要 $`\Omega_A(d\log(1/\epsilon))`$ 个无噪声高斯样本（大 <i>d</i> 一致于精度）。计算与随机化更新无限制，但输出只使用终态、停止指标与新鲜随机性。	1
141	计数层级中的存在–全称实语句	证明实数存在理论包含于计数层级。更一般地，存在–全称实语句的真值可在该层级的某个固定层级判定，即使其整系数多项式由算术电路给出。	0
142	素域上的确定性多项式因子分解	给出一致的确定性算法：在位复杂度关于 $`(n+1)\log p`$ 多项式内完全分解素域 𝔽<sub>p</sub> 上每个非零稠密 <i>n</i> 次多项式（含重数）。素数以二进制给出。不需要随机性、整数分解或本原根神谕，也不需要 GRH 假设。	0
143	希尔伯特第十六问题：极限环的一致界	解决希尔伯特第十六问题的一致有界性断言：实平面多项式向量场的孤立周期轨道个数由只依赖次数的有限常数界定。对经典五次 Liénard 系统，精确最大值为两个极限环。	1
144	Banach 的简单勒贝格谱问题	在光滑动力学的范围内解决概率保持形式的 Banach 简单勒贝格谱问题：标准体积三维环面上的光滑保体积微分同胚在其整个复均值零 <i>L</i>² 空间上具有简单勒贝格谱——一个实可观测函数的双侧迭代构成该空间的正交规范基。	1
145	Rokhlin 的多重混合问题	证明每个可逆混合概率保持变换是所有有限阶的混合，解决 Rokhlin 单变换多重混合问题。只要所有成对时间间隔发散，任何有限个可测集之间的相关收敛于其测度的乘积。	1
146	标准映射的正度量熵	证明二维环面上的标准正弦映射对每个足够大的正参数具有关于面积的正度量熵。这建立 Sinai 正参数测度猜想在原族上的成立，且结论更强：完整参数尾部。	1
147	近边界 Birkhoff 猜想	对正曲率的光滑严格凸平面台球系统解决近边界 Birkhoff 猜想：只要一个完整擦掠环被逐条不变的本质曲线连续叶状化，该台球就是椭圆。由光滑闭凸焦散线组成的连续物理领圈同样充分。	0
148	自相似测度的熵率维数公式	对直线上由有限多个压缩相似生成的每个自相似测度，证明 $`\dim_{\mathrm H}\mu=\min\{1,h_{\mathrm{RW}}/\chi\}`$，其中 $`h_{\mathrm{RW}}`$ 是随机复合映射的熵率、<i>χ</i> 是平均对数压缩率。这无需分离假设解决熵率维数猜想，允许精确重叠与不等压缩比。	1
149	弱可逆质量作用系统的类内持久性	对每个带固定正常数率常数的有限弱可逆质量作用系统证明持久性猜想。每个正化学计量相容类（即使无界）都有公共的紧凸前向不变吸收集。因此该类中所有正轨道最终共享正的下浓度界与有限的上浓度界。	1
150	带无理角的三角台球的弱混合	证明每个至少有一个角相对 <i>π</i> 无理的非退化欧氏三角形中，台球流关于归一化面积乘均匀方向是弱混合的。这把遍历性强化到整个无理角类，不需要一般性或丢番图限制。	1
151	熵猜想的 <i>C</i>¹ 反例	构造紧光滑流形上的非可逆 <i>C</i>¹ 自映射，其拓扑熵为零但在第二同调上特征值为 2。这否定一般 <i>C</i>¹ 自映射的同调熵下界：同调增长不必迫使正的轨道复杂度。	1
152	零熵不保证光滑正体积模型	构造标准非原子概率空间上的零熵遍历可逆变换，它不测度共轭于任何在紧有限维流形上保持严格正光滑概率密度的 $`C^\infty`$ 微分同胚。一个例子排除所有有限维数。	1
153	Bernoulli 卷积的算术分类与非 Pisot 奇异性	对每个 $`\lambda\in(0,1)`$，用显式的代数单位有限集与无穷单向逼近条件分类无偏 Bernoulli 卷积的奇异与绝对连续情形。还证明在 $`(1,2)`$ 中每个四次 Salem 数的倒数处奇异性，给出超越倒数 Pisot 参数的例子。	0
154	混合变换的逐点多重遍历平均	对可逆混合概率保持变换，证明每个有限长度的相邻多重遍历平均的几乎处处收敛。对每组有界函数，沿所有正平均长度，极限是其积分的乘积。不需要混合速率或概率空间标准性假设。	0
155	三维周期铺砌的反例	构造 ℤ³ 中的有限平移铺块：它能铺满空间但不容许完全周期铺砌，在最小可能的格维数否定周期铺砌猜想。其单位立方加厚给出 ℝ³ 中的同样反例，即使允许任意实平移向量。	1
156	Borsuk 猜想在九维失效	构造 ℝ⁹ 的紧子集，不能被十个直径严格更小的集合覆盖，在九维就否定 Borsuk 覆盖断言。例子由 ℝ⁴ 中直线的一秩正交投影子组成，配 Frobenius 度量。	1
157	图染色、团子式与 Colin de Verdière 不变量	否定 Hadwiger 猜想甚至其分数染色形式：独立数至多 2 的任意大有限简单图满足 $`\chi_f(G)\gt h(G)`$（$`h(G)`$ 为最大团子式阶）。还否定分数 Colin de Verdière 色数界 $`\chi_f(G)\le\mu(G)+1`$。正向地，每个有限非空图满足 $`\chi_{\mathrm{list}}(G)\le C h(G)`$（普适常数 <i>C</i>）。	1
158	欧氏平面不能用五种颜色染色	证明欧氏平面的每个五染色都有距离为 1 的单色点对，对颜色类无任何限制。这推进 Hadwiger–Nelson 问题：与经典七染色结合，平面的色数只剩 6 与 7 两种可能。	1
159	Erdős 倒数和猜想与拟多项式 Szemerédi 界	证明 Erdős 猜想：倒数和发散的正整数集包含任意有限长度的等差数列。定量地，对每个固定 <i>k</i> ≥ 3，$`\{1,\ldots,N\}`$ 中无非常 <i>k</i> 项数列的子集大小至多 $`C_kN\exp[-c_k(\log N)^{\varepsilon_k}]`$（常数只依赖 <i>k</i>）。	1
160	超指数的 van der Waerden 数	解决 Erdős 关于 van der Waerden 数超指数增长的问题。若 $`W_r(k)`$ 是迫使每个 <i>r</i>-染色出现单色 <i>k</i> 项数列的最小区间长度，则 $`W_r(k)\gt k^{ck\lfloor\log_2 r\rfloor}`$（绝对 <i>c</i> &gt; 0，所有 <i>r</i> ≥ 2 与足够大 <i>k</i>，对 <i>r</i> 一致）。特别地，对每个固定 <i>r</i> 有 $`W_r(k)^{1/k}\to\infty`$。	1
161	Sidorenko 猜想与强制猜想的反例	用 35 顶点 66 边的连通二部模式否定 Sidorenko 猜想：该模式出现频率低于同边密度随机图。同一模式还否定 Skokan–Thoma 强制猜想：匹配其密度与常值图子的边密度不必迫使拟随机性。	1
162	Ryser 覆盖猜想的反例	构造相交的 $`(q+1)`$ 部、$`(q+1)`$ 均匀超图，其覆盖数为 $`q+1`$ 而非预测的 <i>q</i>（每个足够大的素数 <i>q</i>），否定 Ryser 覆盖猜想。扩域上的独立构造还否定 Gyárfás 单色树覆盖猜想。	1
164	Hindman 有限和与有限积猜想	证明 Hindman 有限和与有限积猜想：正整数的每个有限染色都包含任意指定有限大小的集合，其非空子集和与非空子集积同色。	0
165	Harary–Hill 与 Zarankiewicz 交叉数公式	在 Zarankiewicz 表述下解决 Harary–Hill 猜想与 Turán 砖厂问题，确定每个完全图与完全二部图的交叉数。结果证明经典画法在所有边弧连续的平面画法中的最优性。	1
166	高维 Erdős 不同距离猜想	对每个固定 <i>d</i> ≥ 3，ℝ<sup>d</sup> 中任意 <i>n</i> ≥ 2 个不同点至少确定 $`c_dn^{2/d}`$ 个不同距离（$`c_d\gt 0`$ 只依赖维数）。这与整数格的阶匹配，以常数因子界解决高维 Erdős 不同距离猜想。	0
167	平面不同距离与单位距离界	证明弱钉扎 Erdős 距离猜想：对每个固定 <i>ε</i> &gt; 0，任意 <i>n</i> 点平面集中除 $`o(n)`$ 个点外，至少确定 $`n^{1-\varepsilon}`$ 个不同非零距离。配套定理把单位距离对数界为 $`O(n^{4/3-\delta})`$（绝对 <i>δ</i> &gt; 0）。	1
168	Kazhdan–Lusztig 多项式的组合不变性	解决完整的组合不变性猜想：任意 Coxeter 系统中同构的 Bruhat 区间具有相同的等参数 Kazhdan–Lusztig 多项式。即区间的抽象序决定多项式，即使跨不同 Coxeter 系统也如此。	1
169	Shareshian–Wachs 初等正性	解决 Shareshian–Wachs 猜想的初等正性部分：每个自然单位区间图的染色拟对称函数的初等基系数都在 $`\mathbb N[q]`$ 中。系数显式计数被描述的置换，给出正性的组合解释。	1
170	非对角 Ramsey 数的锐利对数指数	对每个固定整数 <i>s</i> ≥ 5，证明 $`r(s,t)=t^{s-1}/(\log t)^{s-2+o(1)}`$（$`t\to\infty`$），确定对数指数并在该尺度匹配经典上界。此处 $`r(s,t)`$ 是迫使出现 <i>s</i>-团或 <i>t</i> 顶点独立集的最少顶点数。	1
171	超立方 Ramsey 猜想	解决 Burr–Erdős 超立方 Ramsey 猜想：<i>n</i> 维立方体的二色 Ramsey 数为 $`\Theta(2^n)`$。即每个以普适常数倍立方体顶点数为顶点数的完全图的每个红蓝染色，都含单色立方体拷贝。	0
172	有限欧氏 Ramsey 构形的分类	分类在足够高维欧氏空间的每个有限染色中、以原尺度单色出现的有限点构形。刻画是坐标域上的代数条件。还否定 Leader–Russell–Walters 猜想（每个这样的构形都是某个有限传递集的子集）。	1
173	Seymour 第二邻域猜想	证明 Seymour 第二邻域猜想：每个非空有限有向图都有这样的顶点——其有向距离恰为 2 的顶点数不少于有向距离为 1 的顶点数。有向图除禁自环与成对反向边外任意。	0
174	强细生成树的确定性构造	构造性解决强细树猜想。每个至少两顶点的有限无环 <i>k</i>-边连通多重图都有生成树：对每个割，其含边比例至多为普适的 $`C/k`$。这样的树可在多项式时间确定性找到，即使并行边重数按二进制编码。	0
175	Talagrand 期望阈值、离散凸性与图分解	证明整数与分数期望阈值至多相差普适因子，解决 Talagrand 离散凸性猜想。应用证明 Ascoli–He–Park–Talagrand 图分解猜想：每个图的边分成普适有界数目的固定类，每类的容含阈值至多为原图整数期望阈值的普适常数倍。各类的嵌入不必在共享顶点上一致。	1
176	带边计数的第二 Kahn–Kalai 猜想	证明第二 Kahn–Kalai 猜想：对每个有 <i>h</i> ≥ 1 条边、至多 <i>n</i> 个顶点的有限简单图 <i>H</i>，其在 $`G(n,p)`$ 中的出现阈值至多 $`C p_{\mathrm E}(n,H)(1+\log_2 h)`$（普适 <i>C</i>）。$`p_{\mathrm E}`$ 是使 <i>H</i> 的每个子图期望拷贝数至少 1/2 的最小密度。	1
177	有界度余边界扩张图	对每个 <i>d</i> ≥ 3，构造任意大的有限 <i>d</i> 维单纯复形：顶点度一致有界，且在 <i>d</i> 以下每个维度有一致 𝔽₂ 余边界扩张。与已知的图及二维情形结合，这建立每个正维数此类扩张图的存在性。	1
178	每个固定度的确定性非二部 Ramanujan 图	对每个固定 <i>d</i> ≥ 3，在每个足够大的偶数 <i>n</i> 顶点上构造简单 <i>d</i>-正则非二部 Ramanujan 图，其每个非常数邻接特征值严格位于 $`\pm2\sqrt{d-1}`$ 之间。确定性算法以多项式位时间输出完整邻接表，指数依赖 <i>d</i>。	0
179	循环 Hadamard 与 Barker 序列猜想	证明实循环 Hadamard 矩阵恰在阶 1 与 4 存在，解决循环 Hadamard 猜想。结合经典 Barker 序列结果，非平凡非周期自相关幅值至多 1 的二元序列在 <i>n</i> &gt; 1 时存在当且仅当 $`n\in\{2,3,4,5,7,11,13\}`$。	1
180	Barnette 哈密顿圈猜想	证明每个有限简单三次二部平面 3-顶点连通图都有哈密顿圈，解决 Barnette 猜想。等价地，有限简单三次 3-顶点连通二部 Pfaffian 图中的每条三边路径都在某个哈密顿圈上。	1
181	Erdős–Gallai 圈分解猜想	证明 <i>n</i> 个顶点的有限简单无向图的边可以分成至多 $`Cn`$ 个简单圈与单边（绝对常数 <i>C</i>）。这解决 Erdős–Gallai 圈分解猜想，即使对稠密图也给出线性界的块数。	1
182	相交多项式差与素数变元的幂节省	对每个固定次数 <i>k</i> ≥ 2、首项系数为正的相交整多项式 <i>h</i>，证明避开非零值 <i>h(1),h(2),…</i> 作为差的 $`\{1,\ldots,N\}`$ 子集大小为 $`O_h(N^{1-c_k})`$（$`c_k\gt 0`$ 只依赖次数）。此处「相交」指对每个模都有根。对素数变元，当 <i>h</i> 对每个模有单位根时也有幂节省，指数可依赖 <i>h</i>。	1
183	平面平分线与 <i>k</i>-集的幂节省	对无三点共线的集合把平面平分线界改进到 $`O(n^{4/3-\varepsilon})`$（绝对 <i>ε</i> &gt; 0）。更一般地，无三点共线的 <i>n</i> 点集有 $`O(n(k+1)^{1/3-\varepsilon_0})`$ 个严格可分的 <i>k</i>-子集（$`1\le k\le n/2`$，绝对 $`\varepsilon_0\gt 0`$）。常数与正指数非定量。	1
184	带固定禁用子图的对应染色	以对应染色形式证明 Alon–Krivelevich–Sudakov 染色猜想：避免任何固定子图 <i>F</i> 的图在最大度 <i>Δ</i> 足够大时只需 $`O_F(\Delta/\log\Delta)`$ 种颜色。还证明 Ajtai–Erdős–Komlós–Szemerédi 独立性猜想：对固定 <i>r</i> ≥ 4，每个平均度 <i>d</i> ≥ 2 的 <i>n</i> 顶点 <i>K</i><sub>r</sub>-自由图有大小 $`\Omega_r(n\log d/d)`$ 的独立集。	1
185	无穷拟阵交与装填/覆盖的反例	用可数无穷底集上两个自对偶分拆拟阵，在 ZFC 内否定无限制的无穷拟阵交与装填/覆盖猜想。同样的例子否定回答 Joó 的分拆拟阵问题。它们既非有限也非余有限，因此 Nash-Williams 原始有限性猜想不在结果范围内。	1
186	图与超图性质的一致影响与锐利阈值	证明图与固定均匀性超图的 Friedgut–Kalai 阈值宽度猜想。对固定 $`0\lt \varepsilon\lt 1/2`$，每个非平凡递增重标记不变性质从概率 <i>ε</i> 越过到 $`1-\varepsilon`$ 的宽度：图为 $`O((\log n)^{-2})`$，<i>r</i>-均匀超图为 $`O_r((\log n)^{-r/(r-1)})`$（<i>r</i> ≥ 3）。超图影响界也适用于非单调性质。	1
187	21 步拿下 Snaky	解决 Snaky 成就问题：在初始为空的无穷方格板上，maker 可在 21 步内强制拿下六格 Snaky 形。maker 先行，每回合各占一格，平移、旋转与翻转均算胜。	1
188	随机三角形删除的锐利终末边缘	从 <i>n</i> 个顶点的完全图出发，反复删除均匀选取的剩余三角形。终末边数渐近于 $`n^{3/2}/(2\sqrt2)`$，按 <i>n</i>^(3/2) 归一化后均方收敛。这证明 Joos–Kühn 锐利常数猜想的三角形情形。	0
189	圈–团 Ramsey 数	证明 Erdős–Faudree–Rousseau–Schelp 猜想：$`R(C_m,K_n)=(m-1)(n-1)+1`$ 对每个 $`m\ge n\ge3`$ 成立（除 $`R(C_3,K_3)=6`$）。这是每个完全图红蓝染色中迫使红色 <i>m</i>-圈或蓝色 <i>n</i>-团的精确阈值。	0
190	有序二元矩阵的多项式删除失效	用一个固定的 $`66\times66`$ 0–1 模式否定多项式有序二元矩阵删除。矩阵可能需要许多比特改动才能变成无模式状态，而其拷贝密度小于每个关于该距离提出的多项式界。拷贝保持行列顺序并匹配 0 与 1。	1
191	Heilbronn 三角形下界的幂改进	对每个足够大的 <i>n</i>，构造单位正方形内 <i>n</i> 个点，使每个三角形面积至少 $`n^{-2+c}`$（绝对 <i>c</i> &gt; 0）。这否定 Heilbronn 三角形问题中猜测的近乎 <i>n</i>^(−2) 上界。	0
192	布尔函数以任意因子违反平方根次数界	否定连接布尔函数线性傅里叶系数与其多项式次数的平方根界。对每个 <i>C</i> &gt; 0，存在符号值布尔函数 <i>f</i> 使 $`\sum_i\widehat f(\{i\})\gt C\sqrt{\deg(f)}`$。即其与单个输入比特的总带符号相关可超过该界任意因子。	0
